{
    "loss": 26.198341369628906,
    "accuracy": 0.5179855823516846
}