{
    "loss": 15.717425346374512,
    "accuracy": 0.5035971403121948
}